coll alias,nick,MODS
p15301coll1,creato,"<abstract displayLabel=""Description"" type=""content"">%creato%</abstract>"
p16383coll10,creato,"<abstract displayLabel=""Description"" type=""content"">%creato%</abstract>"
p16383coll12,creato,"<abstract displayLabel=""Description"" type=""content"">%creato%</abstract>"
p16383coll13,creato,"<abstract displayLabel=""Description"" type=""content"">%creato%</abstract>"
p16383coll14,creato,"<abstract displayLabel=""Description"" type=""content"">%creato%</abstract>"
p16383coll15,creato,"<abstract displayLabel=""Description"" type=""content"">%creato%</abstract>"
p16383coll2,creato,"<abstract displayLabel=""Description"" type=""content"">%creato%</abstract>"
p16383coll3,creato,"<abstract displayLabel=""Description"" type=""content"">%creato%</abstract>"
p16383coll5,creato,"<abstract displayLabel=""Description"" type=""content"">%creato%</abstract>"
p16383coll6,creato,"<abstract displayLabel=""Description"" type=""content"">%creato%</abstract>"
p16383coll7,creato,"<abstract displayLabel=""Description"" type=""content"">%creato%</abstract>"
p16383coll8,creato,"<abstract displayLabel=""Description"" type=""content"">%creato%</abstract>"
p16383coll9,creato,"<abstract displayLabel=""Description"" type=""content"">%creato%</abstract>"
hagel,description,"<abstract displayLabel=""Description"" type=""content"">%description%</abstract>"
queeromahaarchives,description,"<abstract displayLabel=""Description"" type=""content"">%description%</abstract>"
unohockeydigitalcollection,description,"<abstract displayLabel=""Description"" type=""content"">%description%</abstract>"
unomaha,description,"<abstract displayLabel=""Description"" type=""content"">%description%</abstract>"
p16383coll8,interv,"<abstract displayLabel=""Interview Summary"" type=""content"">%interv%</abstract>"
p16383coll13,rights,"<accessCondition type=""use and reproduction"">%rights%</accessCondition>"
p16383coll15,rights,"<accessCondition type=""use and reproduction"">%rights%</accessCondition>"
queeromahaarchives,rights,"<accessCondition type=""use and reproduction"">%rights%</accessCondition>"
unomaha,rights,"<accessCondition type=""use and reproduction"">%rights%</accessCondition>"
p15301coll1,date,<extension><drs:admin><drs:captureDate>%date%</drs:captureDate></drs:admin></extension>
p16383coll1,date,<extension><drs:admin><drs:captureDate>%date%</drs:captureDate></drs:admin></extension>
p16383coll10,date,<extension><drs:admin><drs:captureDate>%date%</drs:captureDate></drs:admin></extension>
p16383coll12,date,<extension><drs:admin><drs:captureDate>%date%</drs:captureDate></drs:admin></extension>
p16383coll13,date,<extension><drs:admin><drs:captureDate>%date%</drs:captureDate></drs:admin></extension>
p16383coll14,date,<extension><drs:admin><drs:captureDate>%date%</drs:captureDate></drs:admin></extension>
p16383coll15,date,<extension><drs:admin><drs:captureDate>%date%</drs:captureDate></drs:admin></extension>
p16383coll2,date,<extension><drs:admin><drs:captureDate>%date%</drs:captureDate></drs:admin></extension>
p16383coll3,date,<extension><drs:admin><drs:captureDate>%date%</drs:captureDate></drs:admin></extension>
p16383coll4,date,<extension><drs:admin><drs:captureDate>%date%</drs:captureDate></drs:admin></extension>
p16383coll5,date,<extension><drs:admin><drs:captureDate>%date%</drs:captureDate></drs:admin></extension>
p16383coll6,date,<extension><drs:admin><drs:captureDate>%date%</drs:captureDate></drs:admin></extension>
p16383coll7,date,<extension><drs:admin><drs:captureDate>%date%</drs:captureDate></drs:admin></extension>
p16383coll8,date,<extension><drs:admin><drs:captureDate>%date%</drs:captureDate></drs:admin></extension>
p16383coll9,date,<extension><drs:admin><drs:captureDate>%date%</drs:captureDate></drs:admin></extension>
p15301coll1,identi,"<identifier type=""UNO digital object identifier"">%identi%</identifier>"
p16383coll14,identi,"<identifier type=""UNO digital object identifier"">%identi%</identifier>"
p16383coll6,identi,"<identifier type=""UNO digital object identifier"">%identi%</identifier>"
p16383coll8,identi,"<identifier type=""UNO digital object identifier"">%identi%</identifier>"
hagel,identifier,"<identifier type=""UNO digital object identifier"">%identifier%</identifier>"
queeromahaarchives,identifier,"<identifier type=""UNO digital object identifier"">%identifier%</identifier>"
unohockeydigitalcollection,identifier,"<identifier type=""UNO digital object identifier"">%identifier%</identifier>"
unomaha,identifier,"<identifier type=""UNO digital object identifier"">%identifier%</identifier>"
p16383coll10,resour,"<identifier type=""UNO digital object identifier"">%resour%</identifier>"
p16383coll12,resour,"<identifier type=""UNO digital object identifier"">%resour%</identifier>"
p16383coll13,resour,"<identifier type=""UNO digital object identifier"">%resour%</identifier>"
p16383coll15,resour,"<identifier type=""UNO digital object identifier"">%resour%</identifier>"
p16383coll4,resour,"<identifier type=""UNO digital object identifier"">%resour%</identifier>"
p16383coll5,resour,"<identifier type=""UNO digital object identifier"">%resour%</identifier>"
p16383coll7,resour,"<identifier type=""UNO digital object identifier"">%resour%</identifier>"
p16383coll9,resour,"<identifier type=""UNO digital object identifier"">%resour%</identifier>"
p16383coll6,langua,"<language><languageTerm type=""text"">%langua%</languageTerm></language>"
p16383coll8,langua,"<language><languageTerm type=""text"">%langua%</languageTerm></language>"
hagel,language,"<language><languageTerm type=""text"">%language%</languageTerm></language>"
queeromahaarchives,language,"<language><languageTerm type=""text"">%language%</languageTerm></language>"
unohockeydigitalcollection,language,"<language><languageTerm type=""text"">%language%</languageTerm></language>"
unomaha,language,"<language><languageTerm type=""text"">%language%</languageTerm></language>"
p15301coll1,reposa,"<location><physicalLocation authority=""marcorg"" type=""code"">NbOU</physicalLocation><physicalLocation type=""text"">%reposi%. %reposa%</physicalLocation></location>"
p15301coll1,reposi,"<location><physicalLocation authority=""marcorg"" type=""code"">NbOU</physicalLocation><physicalLocation type=""text"">%reposi%</physicalLocation></location>"
p16383coll1,reposi,"<location><physicalLocation authority=""marcorg"" type=""code"">NbOU</physicalLocation><physicalLocation type=""text"">%reposi%</physicalLocation></location>"
p16383coll10,reposi,"<location><physicalLocation authority=""marcorg"" type=""code"">NbOU</physicalLocation><physicalLocation type=""text"">%reposi%</physicalLocation></location>"
p16383coll12,reposi,"<location><physicalLocation authority=""marcorg"" type=""code"">NbOU</physicalLocation><physicalLocation type=""text"">%reposi%</physicalLocation></location>"
p16383coll15,reposi,"<location><physicalLocation authority=""marcorg"" type=""code"">NbOU</physicalLocation><physicalLocation type=""text"">%reposi%</physicalLocation></location>"
p16383coll2,reposi,"<location><physicalLocation authority=""marcorg"" type=""code"">NbOU</physicalLocation><physicalLocation type=""text"">%reposi%</physicalLocation></location>"
p16383coll3,reposi,"<location><physicalLocation authority=""marcorg"" type=""code"">NbOU</physicalLocation><physicalLocation type=""text"">%reposi%</physicalLocation></location>"
p16383coll5,reposi,"<location><physicalLocation authority=""marcorg"" type=""code"">NbOU</physicalLocation><physicalLocation type=""text"">%reposi%</physicalLocation></location>"
p16383coll6,reposi,"<location><physicalLocation authority=""marcorg"" type=""code"">NbOU</physicalLocation><physicalLocation type=""text"">%reposi%</physicalLocation></location>"
p16383coll7,reposi,"<location><physicalLocation authority=""marcorg"" type=""code"">NbOU</physicalLocation><physicalLocation type=""text"">%reposi%</physicalLocation></location>"
p16383coll8,reposi,"<location><physicalLocation authority=""marcorg"" type=""code"">NbOU</physicalLocation><physicalLocation type=""text"">%reposi%</physicalLocation></location>"
p16383coll9,reposi,"<location><physicalLocation authority=""marcorg"" type=""code"">NbOU</physicalLocation><physicalLocation type=""text"">%reposi%</physicalLocation></location>"
p16383coll14,callnumber,"<location><physicalLocation authority=""marcorg"" type=""code"">NbOU</physicalLocation><physicalLocation type=""text"">%reposi%</physicalLocation><shelfLocator>%callnumber%</shelfLocator></location>"
p16383coll14,reposi,"<location><physicalLocation authority=""marcorg"" type=""code"">NbOU</physicalLocation><physicalLocation type=""text"">%reposi%</physicalLocation><shelfLocator>%callnumber%</shelfLocator></location>"
p16383coll13,reposi,"<location><physicalLocation type=""text"">%reposi%</physicalLocation></location>"
p16383coll4,reposi,"<location><physicalLocation type=""text"">%reposi%</physicalLocation></location>"
hagel,physicallocation,"<location><physicalLocation type=""text>%physicallocation%</physicalLocation></location>"
queeromahaarchives,physicallocation,"<location><physicalLocation type=""text>%physicallocation%</physicalLocation></location>"
unohockeydigitalcollection,physicallocation,"<location><physicalLocation type=""text>%physicallocation%</physicalLocation></location>"
unomaha,physicallocation,"<location><physicalLocation type=""text>%physicallocation%</physicalLocation></location>"
p15301coll1,author,"<name><namePart>%author%</namePart><role><roleTerm authority=""marcrelator"" type=""text"">author</roleTerm></role></name>"
p16383coll1,author,"<name><namePart>%author%</namePart><role><roleTerm authority=""marcrelator"" type=""text"">creator</roleTerm></role></name>"
p16383coll10,author,"<name><namePart>%author%</namePart><role><roleTerm authority=""marcrelator"" type=""text"">creator</roleTerm></role></name>"
p16383coll12,author,"<name><namePart>%author%</namePart><role><roleTerm authority=""marcrelator"" type=""text"">creator</roleTerm></role></name>"
p16383coll13,author,"<name><namePart>%author%</namePart><role><roleTerm authority=""marcrelator"" type=""text"">creator</roleTerm></role></name>"
p16383coll14,author,"<name><namePart>%author%</namePart><role><roleTerm authority=""marcrelator"" type=""text"">creator</roleTerm></role></name>"
p16383coll15,author,"<name><namePart>%author%</namePart><role><roleTerm authority=""marcrelator"" type=""text"">creator</roleTerm></role></name>"
p16383coll2,author,"<name><namePart>%author%</namePart><role><roleTerm authority=""marcrelator"" type=""text"">creator</roleTerm></role></name>"
p16383coll3,author,"<name><namePart>%author%</namePart><role><roleTerm authority=""marcrelator"" type=""text"">creator</roleTerm></role></name>"
p16383coll4,author,"<name><namePart>%author%</namePart><role><roleTerm authority=""marcrelator"" type=""text"">creator</roleTerm></role></name>"
p16383coll5,author,"<name><namePart>%author%</namePart><role><roleTerm authority=""marcrelator"" type=""text"">creator</roleTerm></role></name>"
p16383coll6,author,"<name><namePart>%author%</namePart><role><roleTerm authority=""marcrelator"" type=""text"">creator</roleTerm></role></name>"
p16383coll7,author,"<name><namePart>%author%</namePart><role><roleTerm authority=""marcrelator"" type=""text"">creator</roleTerm></role></name>"
p16383coll9,author,"<name><namePart>%author%</namePart><role><roleTerm authority=""marcrelator"" type=""text"">creator</roleTerm></role></name>"
p16383coll8,author,"<name><namePart>%author%</namePart><role><roleTerm authority=""marcrelator"" type=""text"">interviewer</roleTerm></role></name>"
hagel,contributor,"<name><namePart>%contributor%</namePart><role><roleTerm authority=""marcrelator"" type=""text"">contributor</roleTerm></role></name>"
queeromahaarchives,contributor,"<name><namePart>%contributor%</namePart><role><roleTerm authority=""marcrelator"" type=""text"">donor</roleTerm></role></name>"
hagel,creator,"<name><namePart>%creator%</namePart><role><roleTerm authority=""marcrelator"" type=""text"">creator</roleTerm></role></name>"
queeromahaarchives,creator,"<name><namePart>%creator%</namePart><role><roleTerm authority=""marcrelator"" type=""text"">creator</roleTerm></role></name>"
unohockeydigitalcollection,creator,"<name><namePart>%creator%</namePart><role><roleTerm authority=""marcrelator"" type=""text"">creator</roleTerm></role></name>"
unomaha,creator,"<name><namePart>%creator%</namePart><role><roleTerm authority=""marcrelator"" type=""text"">creator</roleTerm></role></name>"
p16383coll1,fullrs,"<note displayLabel=""Archival file"" type=""staff"">%fullrs%</note>"
p16383coll3,fullrs,"<note displayLabel=""Archival file"" type=""staff"">%fullrs%</note>"
p16383coll8,biogra,"<note displayLabel=""Biographical Sketch"" type=""biographical/historical"">%biogra%</note>"
p16383coll1,creato,"<note displayLabel=""Description"" type=""content"">%creato%</note>"
p16383coll6,digitizationnote,"<note displayLabel=""Digitized and published online by"" type=""action"">%digitizationnote%</note>"
p15301coll1,publia,"<note displayLabel=""Digitized and published online by"" type=""action"">%publia%</note>"
p16383coll1,publia,"<note displayLabel=""Digitized and published online by"" type=""action"">%publia%</note>"
p16383coll10,publia,"<note displayLabel=""Digitized and published online by"" type=""action"">%publia%</note>"
p16383coll12,publia,"<note displayLabel=""Digitized and published online by"" type=""action"">%publia%</note>"
p16383coll13,publia,"<note displayLabel=""Digitized and published online by"" type=""action"">%publia%</note>"
p16383coll14,publia,"<note displayLabel=""Digitized and published online by"" type=""action"">%publia%</note>"
p16383coll15,publia,"<note displayLabel=""Digitized and published online by"" type=""action"">%publia%</note>"
p16383coll2,publia,"<note displayLabel=""Digitized and published online by"" type=""action"">%publia%</note>"
p16383coll3,publia,"<note displayLabel=""Digitized and published online by"" type=""action"">%publia%</note>"
p16383coll4,publia,"<note displayLabel=""Digitized and published online by"" type=""action"">%publia%</note>"
p16383coll5,publia,"<note displayLabel=""Digitized and published online by"" type=""action"">%publia%</note>"
p16383coll6,publia,"<note displayLabel=""Digitized and published online by"" type=""action"">%publia%</note>"
p16383coll7,publia,"<note displayLabel=""Digitized and published online by"" type=""action"">%publia%</note>"
p16383coll8,publia,"<note displayLabel=""Digitized and published online by"" type=""action"">%publia%</note>"
p16383coll9,publia,"<note displayLabel=""Digitized and published online by"" type=""action"">%publia%</note>"
hagel,publisher,"<note displayLabel=""Digitized and published online by"" type=""action"">%publisher%</note>"
queeromahaarchives,publisher,"<note displayLabel=""Digitized and published online by"" type=""action"">%publisher%</note>"
unohockeydigitalcollection,publisher,"<note displayLabel=""Digitized and published online by"" type=""action"">%publisher%</note>"
unomaha,publisher,"<note displayLabel=""Digitized and published online by"" type=""action"">%publisher%</note>"
p16383coll8,intera,"<note displayLabel=""Interview Notes"" type=""content"">%intera%</note>"
p16383coll6,run,"<note displayLabel=""Run Time"" type=""duration"">%run%</note>"
p16383coll8,run,"<note displayLabel=""Run Time"" type=""duration"">%run%</note>"
p16383coll13,staff,"<note type=""staff"">%staff%</note>"
p16383coll2,staff,"<note type=""staff"">%staff%</note>"
p15301coll1,transc,"<note type=""transcript"">%transc%</note>"
p16383coll10,transc,"<note type=""transcript"">%transc%</note>"
p16383coll12,transc,"<note type=""transcript"">%transc%</note>"
p16383coll13,transc,"<note type=""transcript"">%transc%</note>"
p16383coll15,transc,"<note type=""transcript"">%transc%</note>"
p16383coll4,transc,"<note type=""transcript"">%transc%</note>"
p16383coll5,transc,"<note type=""transcript"">%transc%</note>"
p16383coll7,transc,"<note type=""transcript"">%transc%</note>"
p16383coll9,transc,"<note type=""transcript"">%transc%</note>"
hagel,date,<originInfo><dateCreated>%date%</dateCreated></originInfo>
queeromahaarchives,date,<originInfo><dateCreated>%date%</dateCreated></originInfo>
unohockeydigitalcollection,date,<originInfo><dateCreated>%date%</dateCreated></originInfo>
unomaha,date,<originInfo><dateCreated>%date%</dateCreated></originInfo>
p15301coll1,publis,<originInfo><dateCreated>%publis%</dateCreated></originInfo>
p16383coll1,publis,<originInfo><dateCreated>%publis%</dateCreated></originInfo>
p16383coll10,publis,<originInfo><dateCreated>%publis%</dateCreated></originInfo>
p16383coll12,publis,<originInfo><dateCreated>%publis%</dateCreated></originInfo>
p16383coll13,publis,<originInfo><dateCreated>%publis%</dateCreated></originInfo>
p16383coll15,publis,<originInfo><dateCreated>%publis%</dateCreated></originInfo>
p16383coll2,publis,<originInfo><dateCreated>%publis%</dateCreated></originInfo>
p16383coll3,publis,<originInfo><dateCreated>%publis%</dateCreated></originInfo>
p16383coll6,publis,<originInfo><dateCreated>%publis%</dateCreated></originInfo>
p16383coll7,publis,<originInfo><dateCreated>%publis%</dateCreated></originInfo>
p16383coll8,publis,<originInfo><dateCreated>%publis%</dateCreated></originInfo>
p16383coll9,publis,<originInfo><dateCreated>%publis%</dateCreated></originInfo>
p16383coll14,publis,<originInfo><dateIssued>%publis%</dateIssued></originInfo>
p16383coll4,publis,<originInfo><dateIssued>%publis%</dateIssued></originInfo>
p16383coll5,publis,<originInfo><dateIssued>%publis%</dateIssued></originInfo>
hagel,format,"<physicalDescription><form type=""original"">%format%</form></physicalDescription>"
p15301coll1,format,"<physicalDescription><form type=""original"">%format%</form></physicalDescription>"
p16383coll1,format,"<physicalDescription><form type=""original"">%format%</form></physicalDescription>"
p16383coll10,format,"<physicalDescription><form type=""original"">%format%</form></physicalDescription>"
p16383coll12,format,"<physicalDescription><form type=""original"">%format%</form></physicalDescription>"
p16383coll13,format,"<physicalDescription><form type=""original"">%format%</form></physicalDescription>"
p16383coll14,format,"<physicalDescription><form type=""original"">%format%</form></physicalDescription>"
p16383coll15,format,"<physicalDescription><form type=""original"">%format%</form></physicalDescription>"
p16383coll2,format,"<physicalDescription><form type=""original"">%format%</form></physicalDescription>"
p16383coll3,format,"<physicalDescription><form type=""original"">%format%</form></physicalDescription>"
p16383coll4,format,"<physicalDescription><form type=""original"">%format%</form></physicalDescription>"
p16383coll5,format,"<physicalDescription><form type=""original"">%format%</form></physicalDescription>"
p16383coll6,format,"<physicalDescription><form type=""original"">%format%</form></physicalDescription>"
p16383coll7,format,"<physicalDescription><form type=""original"">%format%</form></physicalDescription>"
p16383coll8,format,"<physicalDescription><form type=""original"">%format%</form></physicalDescription>"
p16383coll9,format,"<physicalDescription><form type=""original"">%format%</form></physicalDescription>"
queeromahaarchives,format,"<physicalDescription><form type=""original"">%format%</form></physicalDescription>"
unohockeydigitalcollection,format,"<physicalDescription><form type=""original"">%format%</form></physicalDescription>"
unomaha,format,"<physicalDescription><form type=""original"">%format%</form></physicalDescription>"
p15301coll1,formaa,<physicalDescription><internetMediaType>%formaa%</internetMediaType></physicalDescription>
p16383coll1,formaa,<physicalDescription><internetMediaType>%formaa%</internetMediaType></physicalDescription>
p16383coll10,formaa,<physicalDescription><internetMediaType>%formaa%</internetMediaType></physicalDescription>
p16383coll12,formaa,<physicalDescription><internetMediaType>%formaa%</internetMediaType></physicalDescription>
p16383coll13,formaa,<physicalDescription><internetMediaType>%formaa%</internetMediaType></physicalDescription>
p16383coll14,formaa,<physicalDescription><internetMediaType>%formaa%</internetMediaType></physicalDescription>
p16383coll15,formaa,<physicalDescription><internetMediaType>%formaa%</internetMediaType></physicalDescription>
p16383coll2,formaa,<physicalDescription><internetMediaType>%formaa%</internetMediaType></physicalDescription>
p16383coll3,formaa,<physicalDescription><internetMediaType>%formaa%</internetMediaType></physicalDescription>
p16383coll4,formaa,<physicalDescription><internetMediaType>%formaa%</internetMediaType></physicalDescription>
p16383coll5,formaa,<physicalDescription><internetMediaType>%formaa%</internetMediaType></physicalDescription>
p16383coll6,formaa,<physicalDescription><internetMediaType>%formaa%</internetMediaType></physicalDescription>
p16383coll7,formaa,<physicalDescription><internetMediaType>%formaa%</internetMediaType></physicalDescription>
p16383coll8,formaa,<physicalDescription><internetMediaType>%formaa%</internetMediaType></physicalDescription>
p16383coll9,formaa,<physicalDescription><internetMediaType>%formaa%</internetMediaType></physicalDescription>
hagel,mimetype,<physicalDescription><internetMediaType>%mimetype%</internetMediaType></physicalDescription>
queeromahaarchives,mimetype,<physicalDescription><internetMediaType>%mimetype%</internetMediaType></physicalDescription>
unohockeydigitalcollection,mimetype,<physicalDescription><internetMediaType>%mimetype%</internetMediaType></physicalDescription>
unomaha,mimetype,<physicalDescription><internetMediaType>%mimetype%</internetMediaType></physicalDescription>
hagel,recsourceorg,"<recordInfo><recordContentSource authority=""marcorg"">%recsourceorg%</recordContentSource><recordOrigin>Mapped from %sourcesystem% to MODS by LYRASIS staff with input from and approval of Angela Kroeger, %insertcurrentdate%</recordOrigin></recordInfo>"
hagel,sourcesystem,"<recordInfo><recordContentSource authority=""marcorg"">%recsourceorg%</recordContentSource><recordOrigin>Mapped from %sourcesystem% to MODS by LYRASIS staff with input from and approval of Angela Kroeger, %insertcurrentdate%</recordOrigin></recordInfo>"
p15301coll1,recsourceorg,"<recordInfo><recordContentSource authority=""marcorg"">%recsourceorg%</recordContentSource><recordOrigin>Mapped from %sourcesystem% to MODS by LYRASIS staff with input from and approval of Angela Kroeger, %insertcurrentdate%</recordOrigin></recordInfo>"
p15301coll1,sourcesystem,"<recordInfo><recordContentSource authority=""marcorg"">%recsourceorg%</recordContentSource><recordOrigin>Mapped from %sourcesystem% to MODS by LYRASIS staff with input from and approval of Angela Kroeger, %insertcurrentdate%</recordOrigin></recordInfo>"
p16383coll1,recsourceorg,"<recordInfo><recordContentSource authority=""marcorg"">%recsourceorg%</recordContentSource><recordOrigin>Mapped from %sourcesystem% to MODS by LYRASIS staff with input from and approval of Angela Kroeger, %insertcurrentdate%</recordOrigin></recordInfo>"
p16383coll1,sourcesystem,"<recordInfo><recordContentSource authority=""marcorg"">%recsourceorg%</recordContentSource><recordOrigin>Mapped from %sourcesystem% to MODS by LYRASIS staff with input from and approval of Angela Kroeger, %insertcurrentdate%</recordOrigin></recordInfo>"
p16383coll10,recsourceorg,"<recordInfo><recordContentSource authority=""marcorg"">%recsourceorg%</recordContentSource><recordOrigin>Mapped from %sourcesystem% to MODS by LYRASIS staff with input from and approval of Angela Kroeger, %insertcurrentdate%</recordOrigin></recordInfo>"
p16383coll10,sourcesystem,"<recordInfo><recordContentSource authority=""marcorg"">%recsourceorg%</recordContentSource><recordOrigin>Mapped from %sourcesystem% to MODS by LYRASIS staff with input from and approval of Angela Kroeger, %insertcurrentdate%</recordOrigin></recordInfo>"
p16383coll12,recsourceorg,"<recordInfo><recordContentSource authority=""marcorg"">%recsourceorg%</recordContentSource><recordOrigin>Mapped from %sourcesystem% to MODS by LYRASIS staff with input from and approval of Angela Kroeger, %insertcurrentdate%</recordOrigin></recordInfo>"
p16383coll12,sourcesystem,"<recordInfo><recordContentSource authority=""marcorg"">%recsourceorg%</recordContentSource><recordOrigin>Mapped from %sourcesystem% to MODS by LYRASIS staff with input from and approval of Angela Kroeger, %insertcurrentdate%</recordOrigin></recordInfo>"
p16383coll13,recsourceorg,"<recordInfo><recordContentSource authority=""marcorg"">%recsourceorg%</recordContentSource><recordOrigin>Mapped from %sourcesystem% to MODS by LYRASIS staff with input from and approval of Angela Kroeger, %insertcurrentdate%</recordOrigin></recordInfo>"
p16383coll13,sourcesystem,"<recordInfo><recordContentSource authority=""marcorg"">%recsourceorg%</recordContentSource><recordOrigin>Mapped from %sourcesystem% to MODS by LYRASIS staff with input from and approval of Angela Kroeger, %insertcurrentdate%</recordOrigin></recordInfo>"
p16383coll14,recsourceorg,"<recordInfo><recordContentSource authority=""marcorg"">%recsourceorg%</recordContentSource><recordOrigin>Mapped from %sourcesystem% to MODS by LYRASIS staff with input from and approval of Angela Kroeger, %insertcurrentdate%</recordOrigin></recordInfo>"
p16383coll14,sourcesystem,"<recordInfo><recordContentSource authority=""marcorg"">%recsourceorg%</recordContentSource><recordOrigin>Mapped from %sourcesystem% to MODS by LYRASIS staff with input from and approval of Angela Kroeger, %insertcurrentdate%</recordOrigin></recordInfo>"
p16383coll15,recsourceorg,"<recordInfo><recordContentSource authority=""marcorg"">%recsourceorg%</recordContentSource><recordOrigin>Mapped from %sourcesystem% to MODS by LYRASIS staff with input from and approval of Angela Kroeger, %insertcurrentdate%</recordOrigin></recordInfo>"
p16383coll15,sourcesystem,"<recordInfo><recordContentSource authority=""marcorg"">%recsourceorg%</recordContentSource><recordOrigin>Mapped from %sourcesystem% to MODS by LYRASIS staff with input from and approval of Angela Kroeger, %insertcurrentdate%</recordOrigin></recordInfo>"
p16383coll2,recsourceorg,"<recordInfo><recordContentSource authority=""marcorg"">%recsourceorg%</recordContentSource><recordOrigin>Mapped from %sourcesystem% to MODS by LYRASIS staff with input from and approval of Angela Kroeger, %insertcurrentdate%</recordOrigin></recordInfo>"
p16383coll2,sourcesystem,"<recordInfo><recordContentSource authority=""marcorg"">%recsourceorg%</recordContentSource><recordOrigin>Mapped from %sourcesystem% to MODS by LYRASIS staff with input from and approval of Angela Kroeger, %insertcurrentdate%</recordOrigin></recordInfo>"
p16383coll3,recsourceorg,"<recordInfo><recordContentSource authority=""marcorg"">%recsourceorg%</recordContentSource><recordOrigin>Mapped from %sourcesystem% to MODS by LYRASIS staff with input from and approval of Angela Kroeger, %insertcurrentdate%</recordOrigin></recordInfo>"
p16383coll3,sourcesystem,"<recordInfo><recordContentSource authority=""marcorg"">%recsourceorg%</recordContentSource><recordOrigin>Mapped from %sourcesystem% to MODS by LYRASIS staff with input from and approval of Angela Kroeger, %insertcurrentdate%</recordOrigin></recordInfo>"
p16383coll4,recsourceorg,"<recordInfo><recordContentSource authority=""marcorg"">%recsourceorg%</recordContentSource><recordOrigin>Mapped from %sourcesystem% to MODS by LYRASIS staff with input from and approval of Angela Kroeger, %insertcurrentdate%</recordOrigin></recordInfo>"
p16383coll4,sourcesystem,"<recordInfo><recordContentSource authority=""marcorg"">%recsourceorg%</recordContentSource><recordOrigin>Mapped from %sourcesystem% to MODS by LYRASIS staff with input from and approval of Angela Kroeger, %insertcurrentdate%</recordOrigin></recordInfo>"
p16383coll5,recsourceorg,"<recordInfo><recordContentSource authority=""marcorg"">%recsourceorg%</recordContentSource><recordOrigin>Mapped from %sourcesystem% to MODS by LYRASIS staff with input from and approval of Angela Kroeger, %insertcurrentdate%</recordOrigin></recordInfo>"
p16383coll5,sourcesystem,"<recordInfo><recordContentSource authority=""marcorg"">%recsourceorg%</recordContentSource><recordOrigin>Mapped from %sourcesystem% to MODS by LYRASIS staff with input from and approval of Angela Kroeger, %insertcurrentdate%</recordOrigin></recordInfo>"
p16383coll6,recsourceorg,"<recordInfo><recordContentSource authority=""marcorg"">%recsourceorg%</recordContentSource><recordOrigin>Mapped from %sourcesystem% to MODS by LYRASIS staff with input from and approval of Angela Kroeger, %insertcurrentdate%</recordOrigin></recordInfo>"
p16383coll6,sourcesystem,"<recordInfo><recordContentSource authority=""marcorg"">%recsourceorg%</recordContentSource><recordOrigin>Mapped from %sourcesystem% to MODS by LYRASIS staff with input from and approval of Angela Kroeger, %insertcurrentdate%</recordOrigin></recordInfo>"
p16383coll7,recsourceorg,"<recordInfo><recordContentSource authority=""marcorg"">%recsourceorg%</recordContentSource><recordOrigin>Mapped from %sourcesystem% to MODS by LYRASIS staff with input from and approval of Angela Kroeger, %insertcurrentdate%</recordOrigin></recordInfo>"
p16383coll7,sourcesystem,"<recordInfo><recordContentSource authority=""marcorg"">%recsourceorg%</recordContentSource><recordOrigin>Mapped from %sourcesystem% to MODS by LYRASIS staff with input from and approval of Angela Kroeger, %insertcurrentdate%</recordOrigin></recordInfo>"
p16383coll8,recsourceorg,"<recordInfo><recordContentSource authority=""marcorg"">%recsourceorg%</recordContentSource><recordOrigin>Mapped from %sourcesystem% to MODS by LYRASIS staff with input from and approval of Angela Kroeger, %insertcurrentdate%</recordOrigin></recordInfo>"
p16383coll8,sourcesystem,"<recordInfo><recordContentSource authority=""marcorg"">%recsourceorg%</recordContentSource><recordOrigin>Mapped from %sourcesystem% to MODS by LYRASIS staff with input from and approval of Angela Kroeger, %insertcurrentdate%</recordOrigin></recordInfo>"
p16383coll9,recsourceorg,"<recordInfo><recordContentSource authority=""marcorg"">%recsourceorg%</recordContentSource><recordOrigin>Mapped from %sourcesystem% to MODS by LYRASIS staff with input from and approval of Angela Kroeger, %insertcurrentdate%</recordOrigin></recordInfo>"
p16383coll9,sourcesystem,"<recordInfo><recordContentSource authority=""marcorg"">%recsourceorg%</recordContentSource><recordOrigin>Mapped from %sourcesystem% to MODS by LYRASIS staff with input from and approval of Angela Kroeger, %insertcurrentdate%</recordOrigin></recordInfo>"
queeromahaarchives,recsourceorg,"<recordInfo><recordContentSource authority=""marcorg"">%recsourceorg%</recordContentSource><recordOrigin>Mapped from %sourcesystem% to MODS by LYRASIS staff with input from and approval of Angela Kroeger, %insertcurrentdate%</recordOrigin></recordInfo>"
queeromahaarchives,sourcesystem,"<recordInfo><recordContentSource authority=""marcorg"">%recsourceorg%</recordContentSource><recordOrigin>Mapped from %sourcesystem% to MODS by LYRASIS staff with input from and approval of Angela Kroeger, %insertcurrentdate%</recordOrigin></recordInfo>"
unohockeydigitalcollection,recsourceorg,"<recordInfo><recordContentSource authority=""marcorg"">%recsourceorg%</recordContentSource><recordOrigin>Mapped from %sourcesystem% to MODS by LYRASIS staff with input from and approval of Angela Kroeger, %insertcurrentdate%</recordOrigin></recordInfo>"
unohockeydigitalcollection,sourcesystem,"<recordInfo><recordContentSource authority=""marcorg"">%recsourceorg%</recordContentSource><recordOrigin>Mapped from %sourcesystem% to MODS by LYRASIS staff with input from and approval of Angela Kroeger, %insertcurrentdate%</recordOrigin></recordInfo>"
unomaha,recsourceorg,"<recordInfo><recordContentSource authority=""marcorg"">%recsourceorg%</recordContentSource><recordOrigin>Mapped from %sourcesystem% to MODS by LYRASIS staff with input from and approval of Angela Kroeger, %insertcurrentdate%</recordOrigin></recordInfo>"
unomaha,sourcesystem,"<recordInfo><recordContentSource authority=""marcorg"">%recsourceorg%</recordContentSource><recordOrigin>Mapped from %sourcesystem% to MODS by LYRASIS staff with input from and approval of Angela Kroeger, %insertcurrentdate%</recordOrigin></recordInfo>"
p16383coll1,hostcolllink,"<relatedItem type=""host""><typeOfResource collection=""yes"" /><titleInfo><title>%hostcolltitle%</title></titleInfo><location><url displayLabel=""Finding aid"">%hostcolllink%</url></location></relatedItem>"
p16383coll10,hostcolllink,"<relatedItem type=""host""><typeOfResource collection=""yes"" /><titleInfo><title>%hostcolltitle%</title></titleInfo><location><url displayLabel=""Finding aid"">%hostcolllink%</url></location></relatedItem>"
p16383coll12,hostcolllink,"<relatedItem type=""host""><typeOfResource collection=""yes"" /><titleInfo><title>%hostcolltitle%</title></titleInfo><location><url displayLabel=""Finding aid"">%hostcolllink%</url></location></relatedItem>"
p16383coll14,hostcolllink,"<relatedItem type=""host""><typeOfResource collection=""yes"" /><titleInfo><title>%hostcolltitle%</title></titleInfo><location><url displayLabel=""Finding aid"">%hostcolllink%</url></location></relatedItem>"
p16383coll15,hostcolllink,"<relatedItem type=""host""><typeOfResource collection=""yes"" /><titleInfo><title>%hostcolltitle%</title></titleInfo><location><url displayLabel=""Finding aid"">%hostcolllink%</url></location></relatedItem>"
p16383coll3,hostcolllink,"<relatedItem type=""host""><typeOfResource collection=""yes"" /><titleInfo><title>%hostcolltitle%</title></titleInfo><location><url displayLabel=""Finding aid"">%hostcolllink%</url></location></relatedItem>"
p16383coll3,hostcolllinktype,"<relatedItem type=""host""><typeOfResource collection=""yes"" /><titleInfo><title>%hostcolltitle%</title></titleInfo><location><url displayLabel=""Finding aid"">%hostcolllink%</url></location></relatedItem>"
p16383coll5,hostcolllink,"<relatedItem type=""host""><typeOfResource collection=""yes"" /><titleInfo><title>%hostcolltitle%</title></titleInfo><location><url displayLabel=""Finding aid"">%hostcolllink%</url></location></relatedItem>"
p16383coll6,hostcolllink,"<relatedItem type=""host""><typeOfResource collection=""yes"" /><titleInfo><title>%hostcolltitle%</title></titleInfo><location><url displayLabel=""Finding aid"">%hostcolllink%</url></location></relatedItem>"
p16383coll7,hostcolllink,"<relatedItem type=""host""><typeOfResource collection=""yes"" /><titleInfo><title>%hostcolltitle%</title></titleInfo><location><url displayLabel=""Finding aid"">%hostcolllink%</url></location></relatedItem>"
p16383coll8,hostcolllink,"<relatedItem type=""host""><typeOfResource collection=""yes"" /><titleInfo><title>%hostcolltitle%</title></titleInfo><location><url displayLabel=""Finding aid"">%hostcolllink%</url></location></relatedItem>"
p16383coll9,hostcolllink,"<relatedItem type=""host""><typeOfResource collection=""yes"" /><titleInfo><title>%hostcolltitle%</title></titleInfo><location><url displayLabel=""Finding aid"">%hostcolllink%</url></location></relatedItem>"
p16383coll1,hostnolink,"<relatedItem type=""host""><typeOfResource collection=""yes"" /><titleInfo><title>%hostnolink%</title></titleInfo></relatedItem>"
hagel,relatedcollectionlink,"<relatedItem type=""host""><typeOfResource collection=""yes"" /><titleInfo><title>%relatedcollectiontitle%</title></titleInfo><location><url displayLabel=""%relatedcollectionlinktype%"">%relatedcollectionlink%</url></location></relatedItem>"
hagel,relatedcollectionlinktype,"<relatedItem type=""host""><typeOfResource collection=""yes"" /><titleInfo><title>%relatedcollectiontitle%</title></titleInfo><location><url displayLabel=""%relatedcollectionlinktype%"">%relatedcollectionlink%</url></location></relatedItem>"
hagel,relatedcollectiontitle,"<relatedItem type=""host""><typeOfResource collection=""yes"" /><titleInfo><title>%relatedcollectiontitle%</title></titleInfo><location><url displayLabel=""%relatedcollectionlinktype%"">%relatedcollectionlink%</url></location></relatedItem>"
p16383coll1,hostcolltitle,"<relatedItem type=""host""><typeOfResource collection=""yes"" /><titleInfo><title>%relatedcollectiontitle%</title></titleInfo><location><url displayLabel=""%relatedcollectionlinktype%"">%relatedcollectionlink%</url></location></relatedItem>"
p16383coll10,hostcolltitle,"<relatedItem type=""host""><typeOfResource collection=""yes"" /><titleInfo><title>%relatedcollectiontitle%</title></titleInfo><location><url displayLabel=""%relatedcollectionlinktype%"">%relatedcollectionlink%</url></location></relatedItem>"
p16383coll12,hostcolltitle,"<relatedItem type=""host""><typeOfResource collection=""yes"" /><titleInfo><title>%relatedcollectiontitle%</title></titleInfo><location><url displayLabel=""%relatedcollectionlinktype%"">%relatedcollectionlink%</url></location></relatedItem>"
p16383coll14,hostcolltitle,"<relatedItem type=""host""><typeOfResource collection=""yes"" /><titleInfo><title>%relatedcollectiontitle%</title></titleInfo><location><url displayLabel=""%relatedcollectionlinktype%"">%relatedcollectionlink%</url></location></relatedItem>"
p16383coll15,hostcolltitle,"<relatedItem type=""host""><typeOfResource collection=""yes"" /><titleInfo><title>%relatedcollectiontitle%</title></titleInfo><location><url displayLabel=""%relatedcollectionlinktype%"">%relatedcollectionlink%</url></location></relatedItem>"
p16383coll5,hostcolltitle,"<relatedItem type=""host""><typeOfResource collection=""yes"" /><titleInfo><title>%relatedcollectiontitle%</title></titleInfo><location><url displayLabel=""%relatedcollectionlinktype%"">%relatedcollectionlink%</url></location></relatedItem>"
p16383coll6,hostcolltitle,"<relatedItem type=""host""><typeOfResource collection=""yes"" /><titleInfo><title>%relatedcollectiontitle%</title></titleInfo><location><url displayLabel=""%relatedcollectionlinktype%"">%relatedcollectionlink%</url></location></relatedItem>"
p16383coll7,hostcolltitle,"<relatedItem type=""host""><typeOfResource collection=""yes"" /><titleInfo><title>%relatedcollectiontitle%</title></titleInfo><location><url displayLabel=""%relatedcollectionlinktype%"">%relatedcollectionlink%</url></location></relatedItem>"
p16383coll8,hostcolltitle,"<relatedItem type=""host""><typeOfResource collection=""yes"" /><titleInfo><title>%relatedcollectiontitle%</title></titleInfo><location><url displayLabel=""%relatedcollectionlinktype%"">%relatedcollectionlink%</url></location></relatedItem>"
p16383coll9,hostcolltitle,"<relatedItem type=""host""><typeOfResource collection=""yes"" /><titleInfo><title>%relatedcollectiontitle%</title></titleInfo><location><url displayLabel=""%relatedcollectionlinktype%"">%relatedcollectionlink%</url></location></relatedItem>"
unohockeydigitalcollection,relatedcollectionlink,"<relatedItem type=""host""><typeOfResource collection=""yes"" /><titleInfo><title>%relatedcollectiontitle%</title></titleInfo><location><url displayLabel=""%relatedcollectionlinktype%"">%relatedcollectionlink%</url></location></relatedItem>"
unohockeydigitalcollection,relatedcollectionlinktype,"<relatedItem type=""host""><typeOfResource collection=""yes"" /><titleInfo><title>%relatedcollectiontitle%</title></titleInfo><location><url displayLabel=""%relatedcollectionlinktype%"">%relatedcollectionlink%</url></location></relatedItem>"
unohockeydigitalcollection,relatedcollectiontitle,"<relatedItem type=""host""><typeOfResource collection=""yes"" /><titleInfo><title>%relatedcollectiontitle%</title></titleInfo><location><url displayLabel=""%relatedcollectionlinktype%"">%relatedcollectionlink%</url></location></relatedItem>"
p16383coll2,reposa,"<relatedItem type=""host""><typeOfResource collection=""yes"" /><titleInfo><title>%reposa%</title></titleInfo></relatedItem>"
p16383coll14,catlink,"<relatedItem type=""isReferencedBy""><location><url displayLabel=""Catalog record"">%catlink%</url></location></relatedItem>"
queeromahaarchives,catlink,"<relatedItem type=""isReferencedBy""><location><url displayLabel=""Catalog record"">%catlink%</url></location></relatedItem>"
unomaha,catlink,"<relatedItem type=""isReferencedBy""><location><url displayLabel=""Catalog record"">%catlink%</url></location></relatedItem>"
hagel,coverage,"<subject displayLabel=""Coverage""><temporal>%coverage%</temporal></subject>"
queeromahaarchives,coverage,"<subject displayLabel=""Coverage""><temporal>%coverage%</temporal></subject>"
unohockeydigitalcollection,coverage,"<subject displayLabel=""Coverage""><temporal>%coverage%</temporal></subject>"
unomaha,coverage,"<subject displayLabel=""Coverage""><temporal>%coverage%</temporal></subject>"
unomaha,coveragegeog,<subject><geographic>%coveragegeog%</geographic></subject>
p15301coll1,subjea,<subject><topic>%subjea%</topic></subject>
p16383coll1,subjea,<subject><topic>%subjea%</topic></subject>
p16383coll10,subjea,<subject><topic>%subjea%</topic></subject>
p16383coll12,subjea,<subject><topic>%subjea%</topic></subject>
p16383coll13,subjea,<subject><topic>%subjea%</topic></subject>
p16383coll14,subjea,<subject><topic>%subjea%</topic></subject>
p16383coll15,subjea,<subject><topic>%subjea%</topic></subject>
p16383coll2,subjea,<subject><topic>%subjea%</topic></subject>
p16383coll3,subjea,<subject><topic>%subjea%</topic></subject>
p16383coll4,subjea,<subject><topic>%subjea%</topic></subject>
p16383coll5,subjea,<subject><topic>%subjea%</topic></subject>
p16383coll6,subjea,<subject><topic>%subjea%</topic></subject>
p16383coll7,subjea,<subject><topic>%subjea%</topic></subject>
p16383coll8,subjea,<subject><topic>%subjea%</topic></subject>
p16383coll9,subjea,<subject><topic>%subjea%</topic></subject>
hagel,subject,<subject><topic>%subject%</topic></subject>
queeromahaarchives,subject,<subject><topic>%subject%</topic></subject>
unohockeydigitalcollection,subject,<subject><topic>%subject%</topic></subject>
unomaha,subject,<subject><topic>%subject%</topic></subject>
queeromahaarchives,tags,<subject><topic>%tags%</topic></subject>
unohockeydigitalcollection,tags,<subject><topic>%tags%</topic></subject>
unomaha,tags,<subject><topic>%tags%</topic></subject>
hagel,title,"<titleInfo><title usage=""primary"">%title%</title></titleInfo>"
p15301coll1,title,"<titleInfo><title usage=""primary"">%title%</title></titleInfo>"
p16383coll1,title,"<titleInfo><title usage=""primary"">%title%</title></titleInfo>"
p16383coll10,title,"<titleInfo><title usage=""primary"">%title%</title></titleInfo>"
p16383coll12,title,"<titleInfo><title usage=""primary"">%title%</title></titleInfo>"
p16383coll13,title,"<titleInfo><title usage=""primary"">%title%</title></titleInfo>"
p16383coll14,title,"<titleInfo><title usage=""primary"">%title%</title></titleInfo>"
p16383coll15,title,"<titleInfo><title usage=""primary"">%title%</title></titleInfo>"
p16383coll2,title,"<titleInfo><title usage=""primary"">%title%</title></titleInfo>"
p16383coll3,title,"<titleInfo><title usage=""primary"">%title%</title></titleInfo>"
p16383coll4,title,"<titleInfo><title usage=""primary"">%title%</title></titleInfo>"
p16383coll5,title,"<titleInfo><title usage=""primary"">%title%</title></titleInfo>"
p16383coll6,title,"<titleInfo><title usage=""primary"">%title%</title></titleInfo>"
p16383coll7,title,"<titleInfo><title usage=""primary"">%title%</title></titleInfo>"
p16383coll8,title,"<titleInfo><title usage=""primary"">%title%</title></titleInfo>"
p16383coll9,title,"<titleInfo><title usage=""primary"">%title%</title></titleInfo>"
queeromahaarchives,title,"<titleInfo><title usage=""primary"">%title%</title></titleInfo>"
unohockeydigitalcollection,title,"<titleInfo><title usage=""primary"">%title%</title></titleInfo>"
unomaha,title,"<titleInfo><title usage=""primary"">%title%</title></titleInfo>"
hagel,type,<typeOfResource>%type%</typeOfResource>
p15301coll1,type,<typeOfResource>%type%</typeOfResource>
p16383coll1,type,<typeOfResource>%type%</typeOfResource>
p16383coll10,type,<typeOfResource>%type%</typeOfResource>
p16383coll12,type,<typeOfResource>%type%</typeOfResource>
p16383coll13,type,<typeOfResource>%type%</typeOfResource>
p16383coll14,type,<typeOfResource>%type%</typeOfResource>
p16383coll15,type,<typeOfResource>%type%</typeOfResource>
p16383coll2,type,<typeOfResource>%type%</typeOfResource>
p16383coll3,type,<typeOfResource>%type%</typeOfResource>
p16383coll4,type,<typeOfResource>%type%</typeOfResource>
p16383coll5,type,<typeOfResource>%type%</typeOfResource>
p16383coll6,type,<typeOfResource>%type%</typeOfResource>
p16383coll7,type,<typeOfResource>%type%</typeOfResource>
p16383coll8,type,<typeOfResource>%type%</typeOfResource>
p16383coll9,type,<typeOfResource>%type%</typeOfResource>
queeromahaarchives,type,<typeOfResource>%type%</typeOfResource>
unohockeydigitalcollection,type,<typeOfResource>%type%</typeOfResource>
unomaha,type,<typeOfResource>%type%</typeOfResource>